personagem,tipo,url,descricao,habilidades,img_url
Gon Freecss,Hunters,https://hunterxhunter.fandom.com/wiki/Gon_Freecss,"Gon é um menino atlético, rústico e amigável que está procurando por aventuras. Ele não é muito bom em matemática, mas é muito bom com animais porque passou muitas vezes na natureza durante sua infância. Ele é um Enhancer, o que significa que ele é determinado e com mente simples. Gon tem habilidades sobrenaturais como sentido olfativo, visão e paladar apurados. Ele deseja se tornar um Hunter para descobrir o que é tão importante para seu pai a ponto de escolher a profissão em vez de ficar com seu filho. Ele tem potenciais aliados e inimigos que confiam e acreditam precisam dele.","['Visão Aprimorada', 'Audição Aprimorada', 'Sabor Aprimorado', 'cheiro imenso', 'Percepção Sobrenatural', 'Força Aprimorada', 'Pedra', 'Velocidade e reflexos aprimorados', 'Agilidade aprimorada', 'Vigor Aprimorado']",https://static.wikia.nocookie.net/hunterxhunter/images/f/fd/HxH2011_EP5_Gon_feeling_excited.png/revision/latest?cb=20221126070501
Killua Zoldyck,Hunters,https://hunterxhunter.fandom.com/wiki/Killua_Zoldyck,"O texto apresenta Killua como um personagem parecido com Gon em relação a personalidade, mas diferente em relação à gentileza. Ele é conhecido por ser rude com estranhos e pessoas mais velhas, mas ama doces, especialmente chocolate, tendo gasto 200 milhões em snacks no Heavens Arena. Seus favoritos são Chocolate Balls e Chocolate Robots.","['Percepção Sobrenatural', 'Força Aprimorada', 'Velocidade e reflexos imensos', 'Agilidade imensa', 'Vigor Aprimorado', 'Durabilidade Avançada', 'Pedra', 'Resistência Aprimorada', 'Resistência à Eletricidade', 'Resistência imensa a venenos']",https://static.wikia.nocookie.net/hunterxhunter/images/5/59/HxH2011_EP27_Killua_spends_his_money_on_Chocolate_Robots.png/revision/latest?cb=20230328233218
Kurapika,Hunters,https://hunterxhunter.fandom.com/wiki/Kurapika,"Kurapika é um caçador profissional que se torna autodestrutivo por causa de sua raiva, cometendo atos vil para aliviar sua dor. Ele é cruel e irracional, mas seus amigos o acalmam o suficiente para pensar com clareza. Ele passa a valorizar suas amizades e coloca sua vingança em espera pelo bem-estar deles, mesmo questionando a legitimidade de sua busca após conhecer a lealdade dos membros da trupe.","['Olhos Escarlates', 'Audição Avançada', 'Percepção Sobrenatural', 'Força Aprimorada', 'Velocidade e reflexos aprimorados', 'Agilidade aprimorada', 'Resistência Aprimorada', 'Intelecto de Nível Gênio', 'Mestre Estrategista', 'Combate corpo-a-corpo proficiente']",https://static.wikia.nocookie.net/hunterxhunter/images/0/08/Py_save_Kura.PNG/revision/latest?cb=20121202132348
Leorio Paradinight,Hunters,https://hunterxhunter.fandom.com/wiki/Leorio_Paradinight,"Leorio é um aliado leal e confiável que valoriza muito a amizade e age como um irmão mais velho do grupo. Ele fornece alívio cômico e tem habilidade para falar francamente em muitas situações. Ele é próximo de Kurapika por terem passado mais tempo juntos. Sua natureza impetuosa e imprudente já causou problemas para as pessoas ao seu redor. Killua às vezes o ridiculariza por ser mais velho, embora ele jure que sua aparência é de um adolescente.","['Percepção Sobrenatural', 'Força Aprimorada', 'Velocidade e reflexos avançados', 'Agilidade Avançada', 'Resistência Avançada', 'Especialista em armas', 'Conhecimento médico', 'Haggler Habilidoso', 'Boneca de alma', 'Boneca de alma']",https://static.wikia.nocookie.net/hunterxhunter/images/6/64/HxH2011_EP4_Leorio%27s_Past.png/revision/latest?cb=20220915030315
Hisoka Morow,Hunters,https://hunterxhunter.fandom.com/wiki/Hisoka_Morow,"Hisoka é retratado como egoísta, auto-absorvido e que faz o que quiser desde que isso lhe dê prazer, principalmente quando se trata de matar lutadores poderosos. Ele permite que os protagonistas principais vivam em situações em que ele possivelmente poderia matá-los no futuro, para que eles possam alcançar o máximo potencial como lutadores. Ele procura constantemente por novas pessoas que ele considera dignas de lutar, já que a emoção de lutar com usuários de Nen fortes é uma experiência orgásmica para ele. Seus desejos sadomasoquistas são alimentados pela sua apreciação pela dor extrema durante as lutas. Seus ""brinquedos"" são substituídos assim que eles perdem o interesse, ou ele simplesmente os mata.","['Percepção Sobrenatural', 'força imensa', 'Pedra', 'Elástico elástico', 'Velocidade e reflexos aprimorados', 'Elástico elástico', 'Agilidade aprimorada', 'Vigor Aprimorado', 'Resistência imensa', 'Intelecto de Nível Gênio']",https://static.wikia.nocookie.net/hunterxhunter/images/4/43/Hisoka_episode_16.PNG/revision/latest?cb=20130422161849
Biscuit Krueger,Hunters,https://hunterxhunter.fandom.com/wiki/Biscuit_Krueger,"Biscuit é uma personagem de personalidade astuta em Hunter x Hunter. Ela usa sua aparência fofa e comportamento para obter vantagens, seja para obter informações, conseguir o que deseja ou agir como inocente e impotente na batalha para enganar seus oponentes. Ela tem uma personalidade destrutiva, mas acaba desenvolvendo sentimentos de parentalidade em relação a Gon e Killua. Biscuit pode ter explosões violentas quando é deixada de fora de uma conversa ou lembra de sua verdadeira idade. No entanto, é facilmente persuadida quando alguém elogia sua aparência. Ela também detesta sua verdadeira forma, apesar de ter treinado duro para alcançá-la.","['Percepção Sobrenatural', 'força imensa', 'Velocidade e reflexos imensos', 'Vigor Aprimorado', 'Intelecto Aguçado', 'Mestre combatente corpo a corpo', 'Excelente professor', 'Bolacha', 'Bolacha', 'Biscoito, Gon Freecss e Killua Zoldyck']",https://static.wikia.nocookie.net/hunterxhunter/images/2/2d/Biscuit_asking.png/revision/latest?cb=20130303091734
Kite,Hunters,https://hunterxhunter.fandom.com/wiki/Kite,"Kite era um entusiasmado jovem irmão de Meruem que brincava com brinquedos e espadas, mas logo retornou à sua personalidade anterior devido à recuperação de suas memórias. Ele ajudou Gon e Koala a lidar com seus sentimentos de culpa e deu a Koala um novo propósito de vida.","['Força Aprimorada', 'Velocidade Aprimorada', 'Jajanken', 'Vigor Aprimorado', 'Resistência imensa', 'Intelecto Aguçado', 'Combate corpo-a-corpo proficiente', 'Mestre Especialista em Armas', 'Caça-Níqueis Malucos', 'Caça-Níqueis Malucos']",https://static.wikia.nocookie.net/hunterxhunter/images/c/cf/Kite_hits_Gon.png/revision/latest?cb=20130512152742
Isaac Netero,Hunters,https://hunterxhunter.fandom.com/wiki/Isaac_Netero,"O texto fala sobre a personalidade extravagante de Netero, presidente da Associação Hunter. Ele era um artista marcial sincero, porém gostava de dar desafios impossíveis para os candidatos a Hunter e também enfrentar adversários formidáveis. Além disso, Netero era considerado um indivíduo excêntrico e insano por suas atitudes e vez ou outra tinha seus pensamentos diferentes do que dizia. Ele inclusive tinha fama de ser um homem luxurioso na associação, com vários caçadores deixando revistas adultas em sua homenagem.","['força imensa', 'Velocidade e reflexos insondáveis', 'Bodhisattva Guanyin Tipo 100', 'Agilidade imensa', 'resistência imensa', 'Durabilidade aprimorada', 'Resistência imensa', 'Controle Muscular', 'mão zero', 'Intelecto de Nível Gênio']",https://static.wikia.nocookie.net/hunterxhunter/images/4/43/19_-_Netero_and_Killua.png/revision/latest?cb=20230314041611
Ging Freecss,Hunters,https://hunterxhunter.fandom.com/wiki/Ging_Freecss,"Ging tem uma personalidade tímida e teimosa, e só deseja se encontrar com Gon sozinho. Ele demonstra respeito pelo falecido presidente Netero. Ging é inteligente, mas às vezes age impulsivamente sem saber o motivo.","['velocidade imensa', 'Adaptabilidade Aprimorada', 'Intelecto de Nível Gênio', 'Polímata', 'Poliglota', 'Ging', 'Ging', 'Ging', 'ao vivo', 'manter']",https://static.wikia.nocookie.net/hunterxhunter/images/5/56/Ging_Greed_Island.png/revision/latest?cb=20190118014957
Silva Zoldyck,Zoldyck Household,https://hunterxhunter.fandom.com/wiki/Silva_Zoldyck,"Silva é uma pessoa estoica, calma e pensativa. Embora tenha pouco contato com seu filho Killua, ele o considera muito e o escolheu como herdeiro da família. Silva percebeu mais tarde que Killua não compartilha de sua paixão pelo assassino e permitiu que seu filho fosse com Gon em busca de seu pai, porque ele considerou isso um passo importante no desenvolvimento de Killua como herdeiro da família Zoldyck. No entanto, Silva não gosta da atitude um pouco tagarela de Zeno e geralmente ignora metade do que ele diz.","['habilidades de assassinato', 'força imensa', 'velocidade imensa', 'Durabilidade aprimorada', 'Resistência imensa a venenos', 'Mestre combatente corpo a corpo', 'silva', 'tudo sobre isto', 'significado', 'meu']",https://static.wikia.nocookie.net/hunterxhunter/images/e/eb/24_-_Silva_laughs.png/revision/latest?cb=20170823070906
Zeno Zoldyck,Zoldyck Household,https://hunterxhunter.fandom.com/wiki/Zeno_Zoldyck,"Zeno é um homem idoso, porém ainda é um forte estrategista e usuário de Nen. Ele é calmo, pragmático e tem satisfação em ser um assassino eficiente. Ele só arrisca sua vida se houver uma recompensa a ser ganha. Zeno confia nas habilidades de Killua e respeita muito Isaac Netero, afirmando que Netero é muito mais poderoso e experiente do que ele.","['força imensa', 'Velocidade e reflexos imensos', 'Agilidade aprimorada', 'Alta Inteligência', 'Mestre combatente corpo a corpo', 'Cabeça de dragão', 'Lança do Dragão', 'Mergulho do Dragão', 'Cabeça de dragão', 'Lança do Dragão']",https://static.wikia.nocookie.net/hunterxhunter/images/8/88/Zeno_Portrait.png/revision/latest?cb=20130502181159
Illumi Zoldyck,Zoldyck Household,https://hunterxhunter.fandom.com/wiki/Illumi_Zoldyck,"O texto fala sobre o personagem Illumi, que tem uma expressão quase inexistente e um jeito de falar alegre. Ele é uma pessoa fria e calculista, mas possui um amor distorcido e superprotetor pelo seu irmão mais novo, Killua. Para garantir a sobrevivência e obediência de Killua, Illumi usa sua habilidade Nen e coloca uma agulha em seu cérebro para controlá-lo, além de criá-lo com a crença de que só consegue felicidade causando a morte dos outros.","['Velocidade Aprimorada', 'Resistência Avançada', 'Tolerância imensa à dor', 'Alta Inteligência', 'Mestre Arremessador', 'pessoas de agulha', 'Ilumi', 'Ilumi', 'Ilumi', 'Ilumi']",https://static.wikia.nocookie.net/hunterxhunter/images/7/70/139_-_Illumi_speaking_cheerfully.png/revision/latest?cb=20180904153152
Milluki Zoldyck,Zoldyck Household,https://hunterxhunter.fandom.com/wiki/Milluki_Zoldyck,"Milluki é uma pessoa de temperamento explosivo, egoísta e imaturo que ainda se refere aos seus pais como ""mama"" e ""papa"" e ao seu irmão mais velho, Illumi, como ""Illu-nii"" ou ""irmão mais velho Illumi"". Ele é um otaku que não saiu da propriedade da Família Zoldyck desde os 10 anos de idade. Milluki tem um lado peverso, fazendo com que ele recusasse um pedido de Alluka sem motivo aparente. No entanto, ele também é covarde, pois tem medo de desagradar a Killua, seu irmão mais novo, e de desobedecer a seu pai e avô. Em contraste com seus irmãos, Milluki passa a maior parte do tempo jogando em seus computadores em seu quarto. Ele tem muito orgulho de sua coleção de mangás, animes, jogos de vídeo e figurinhas, tanto que ameaçou Killua de morte caso ele sequer tocasse em sua coleção.","['Hacker e programador habilidoso', 'Inventor Habilidoso', 'nada de bom', 'assassino.', 'errático.', 'que', 'cabeça', 'assassinos de renome mundial?', 'Myllki Zaoldyeck', 'Família Zoldyck']",https://static.wikia.nocookie.net/hunterxhunter/images/4/4b/Milluki%27s_room_2011.jpg/revision/latest?cb=20120708030436
Alluka Zoldyck,Zoldyck Household,https://hunterxhunter.fandom.com/wiki/Alluka_Zoldyck,"Antes da apresentação formal de Alluka, Silva se refere a ela como uma criança sombria e incontrolável. Ele afirma que Alluka não tem alma por causa das circunstâncias de seu nascimento e não pode sentir emoções.","['Família Zoldyck', 'Família', 'Membros', 'Mordomos e outros criados', 'Ativo', 'Antigo', 'animais de estimação', 'Membros']",https://static.wikia.nocookie.net/hunterxhunter/images/5/51/Alluka_-_141.png/revision/latest?cb=20140806151645
Kalluto Zoldyck,Zoldyck Household,https://hunterxhunter.fandom.com/wiki/Kalluto_Zoldyck,"Kalluto tem uma personalidade quieta e obediente, mas torna-se mais falante após se juntar aos Spiders. Ele tem um bom relacionamento com sua mãe e bom controle emocional, mas mostrou ser brutal em uma luta contra uma Chimera Ant, além de ter o hábito de prolongar a batalha para brincar com suas vítimas.","['Velocidade Avançada', 'Agilidade Avançada', 'Mestre da Furtividade', 'eco de ritmo', 'Especialista em armas', 'Kalluto', 'Kalluto, Phinks Magcub, Shalnark, Feitan Portor, Shizuku Murasaki e Bonolenov Ndongo', 'papel.', 'errado', 'Calltt Zaoldyeck']",https://static.wikia.nocookie.net/hunterxhunter/images/2/2d/97_-_Kalluto.png/revision/latest?cb=20131018035337
Gotoh,Zoldyck Household,https://hunterxhunter.fandom.com/wiki/Gotoh,"Gotoh veio da Cidade Meteor*, um local habitado por excluídos que não existem em registros oficiais e são conhecidos por poucas pessoas. Ele se tornou um servo na família Zoldyck em algum momento.","['Força Aprimorada', 'Velocidade e reflexos aprimorados', 'Elástico elástico', 'Velocidade do Relâmpago', 'Alta Inteligência', 'Elástico elástico', 'Mestre Arremessador', 'Elástico elástico', 'Hisoka Morow', 'Gon Freecs']",https://static.wikia.nocookie.net/hunterxhunter/images/f/f6/Gotoh_little_game.png/revision/latest?cb=20230321201136
Tsubone,Zoldyck Household,https://hunterxhunter.fandom.com/wiki/Tsubone,"Tsubone é uma mayordomo experiente da Família Zoldyck, extremamente leal a Silva, e a única serva que se atreve a chamar Killua e Alluka pelo diminutivo - ""Killua-chan"" e ""Alluka-chama"".","['Percepção Sobrenatural', 'velocidade imensa', 'Velocidade do Relâmpago', 'Agilidade aprimorada', 'Resistência Aprimorada', 'Alta Inteligência', 'Mestre da Furtividade', 'pessoas de agulha', 'Mestre em cauda', 'Boa Sorte Vá com Deus']",https://static.wikia.nocookie.net/hunterxhunter/images/7/7d/Tsubone_-_141.png/revision/latest?cb=20140810060932
Mike,Zoldyck Household,https://hunterxhunter.fandom.com/wiki/Mike,"Mike é um cão que passou por um treinamento rigoroso e sempre tenta memorizar a aparência e o cheiro de estranhos. Ele mostra pouco ou nenhum sentimento, sendo mais parecido com uma máquina do que com um animal vivo. Ele é difícil de controlar e, além dos comandos dos membros da família Zoldyck, não ouve ninguém. O comando que os Zoldycks deram a Mike há dez anos ainda é fielmente cumprido: matar todos os invasores. Apesar de leal e obediente, ele às vezes desobedece às ordens sobre comer entre as refeições, devorando qualquer invasor que encontrar.",[],https://static.wikia.nocookie.net/hunterxhunter/images/1/18/HxH2011_EP22_Mike_holding_the_skeletons.png/revision/latest?cb=20221013050109
Chrollo Lucilfer,Phantom Troupe,https://hunterxhunter.fandom.com/wiki/Chrollo_Lucilfer,"Chrollo é um líder nato, calmo, inteligente e carismático que consegue manter a Troupe unida apesar das personalidades voláteis dos membros. Ele é estrategista e confia em sua própria habilidade de lutar, bem como na dos outros membros da aranha. Sempre tem pelo menos dois companheiros com ele, o que dificulta a luta de Hisoka contra ele. Além disso, Chrollo tem interesse em livros antigos e, após adquirir os itens almejados, ele os vende.","['Percepção Sobrenatural', 'Força Aprimorada', 'Velocidade e reflexos imensos', 'Galeria falsa', 'Agilidade aprimorada', 'Intelecto de nível genial', 'Mestre Estrategista', 'Mestre combatente corpo a corpo', 'Especialista em armas proficiente', 'Caçador de habilidades']",https://static.wikia.nocookie.net/hunterxhunter/images/3/3b/43_-_Chrollo_talking_to_Uvogin.png/revision/latest?cb=20131115123249
Feitan Portor,Phantom Troupe,https://hunterxhunter.fandom.com/wiki/Feitan_Portor,"Feitan é o interrogador do grupo Phantom Troupe, habilidoso na arte da tortura. Ele fala pouco e tem uma gramática pobre, mas quando fica irritado ele fala em uma língua desconhecida.","['Força Aprimorada', 'Velocidade e reflexos imensos', 'pano divertido divertido', 'Agilidade imensa', 'Resistência Avançada', 'Resistência Aprimorada', 'Mestre Espadachim', 'Mestre Torturador', 'Pain Packer', 'Sol Nascente']",https://static.wikia.nocookie.net/hunterxhunter/images/e/ef/97_-_Feitan_speaks_inverted_Japanese.png/revision/latest?cb=20150927131525
Machi Komacine,Phantom Troupe,https://hunterxhunter.fandom.com/wiki/Machi_Komacine,"Machi é um membro frio da Troupe que raramente mostra emoções; no entanto, ela é uma pessoa boa de coração e se preocupa com os membros da Troupe. Ela é leal a Chrollo e desafiou outros membros da Troupe por causa dele, além de ter prometido caçar Hisoka se ele matar Chrollo. Machi é confiante em sua força e responde a ameaças de acordo.","['Percepção Sobrenatural', 'Força Aprimorada', 'Velocidade e reflexos imensos', 'Cadeia', 'Agilidade aprimorada', 'Resistência imensa', 'Controle Muscular', 'Intelecto Aguçado', 'Intuição imensa', 'Especialista em Furtividade']",https://static.wikia.nocookie.net/hunterxhunter/images/5/55/49_-_Machi_and_Nobunaga_argue.png/revision/latest?cb=20161231164928
Phinks Magcub,Phantom Troupe,https://hunterxhunter.fandom.com/wiki/Phinks_Magcub,"Phinks é impaciente e bastante implacável. Ele pode ser grosseiro e tem a tendência de entrar em conflito com outras pessoas, incluindo seus companheiros. Phinks parece se dar melhor com Feitan e é frequentemente visto trabalhando em parceria com ele, tanto dentro como fora do combate. Ele é muito leal a Chrollo, como mostrado quando foi o primeiro a tentar ir atrás de Kurapika depois que Chrollo foi capturado, apesar das objeções de outros membros.","['Percepção Sobrenatural', 'força imensa', 'Velocidade e reflexos imensos', 'Mestre combatente corpo a corpo', 'Especialista em Cauda', 'Phinks e Feitan Portor', 'Phinks e Feitan Portor', 'Phinks e Feitan Portor', 'Phinks', 'Phinks']",https://static.wikia.nocookie.net/hunterxhunter/images/b/b9/57_-_Phinks_lies_to_Kurapika.png/revision/latest?cb=20150712021237
Shizuku Murasaki,Phantom Troupe,https://hunterxhunter.fandom.com/wiki/Shizuku_Murasaki,"Não se sabe muito sobre o passado de Shizuku. Ela é originária de Meteor City e substituiu o antigo membro #8 da Troupe. Em uma ocasião, ela quase foi morta tentando ver as habilidades de Nen de Feitan.","['Força Aprimorada', 'Velocidade e reflexos aprimorados', 'banho de amor', 'Agilidade aprimorada', 'Intelecto Aguçado', 'Estrategista Proficiente', 'Blinky', 'Especialista em armas proficiente', 'Blinky', 'Blinky']",https://static.wikia.nocookie.net/hunterxhunter/images/7/7a/Blinky.png/revision/latest?cb=20221016001758
Franklin Bordeau,Phantom Troupe,https://hunterxhunter.fandom.com/wiki/Franklin_Bordeau,Franklin na sua juventude.,"['Força Aprimorada', 'Velocidade e reflexos avançados', 'Intelecto Aguçado', 'Combate mão-a-mão', 'Double Machine Gun (俺の両手は機関銃, My Ambidestros Machine Guns)', 'Franklin e Shizuku Murasaki', 'Franklin', 'Franklin, Phinks Magcub, Nobunaga Hazama e Feitan Portor', 'todos', 'meu']",https://static.wikia.nocookie.net/hunterxhunter/images/b/bd/Chap_395_-_Young_Franklin.png/revision/latest?cb=20221120222731
Nobunaga Hazama,Phantom Troupe,https://hunterxhunter.fandom.com/wiki/Nobunaga_Hazama,"Nobunaga é um membro do grupo de Troupe, às vezes bruto e em conflito com os outros membros. Ele é bom em lutar e raciocinar, mas tem dificuldades em tomar decisões impulsivas. Ele ficou preso quando o carro da Troupe foi armadilhado, mas se preparou para o ataque de Gon e Killua em vez de perseguir os meninos.","['Percepção Sobrenatural', 'Força Aprimorada', 'Velocidade e reflexos aprimorados', 'Agilidade aprimorada', 'Intelecto Aguçado', 'Mestre Espadachim', 'Mestre Iaido', 'Nobunaga e Machi Komacine', 'Nobunaga, Phinks Magcub, Feitan Portor e Franklin Bordeau', 'Nobunaga']",https://static.wikia.nocookie.net/hunterxhunter/images/9/95/45_-_Nobunaga%27s_late_reaction.png/revision/latest?cb=20180227043616
Uvogin,Phantom Troupe,https://hunterxhunter.fandom.com/wiki/Uvogin,"Uvogin era um Enhancer típico: determinado, teimoso, simples e, às vezes, desrespeitoso. Ele era bárbaro em seu comportamento, considerando a dor como um incômodo. Como todos os membros da Tropa Fantasma, ele nunca hesitava em matar e não tinha remorso em fazê-lo. Ele gostava de matar pessoas que queriam vingança. Ele estava interessado apenas em treinamento físico e lutas, particularmente contra oponentes habilidosos. Ele preferia lutar sozinho, mas se tornava mais forte quando lutava com um parceiro, porque lutava melhor quando tinha alguém para proteger. Ele era leal a Chrollo e aos ideais da Tropa Fantasma, e não gostava de carregar dinheiro, acreditando que deveria roubar o que desejasse. Ele só se lembrava das pessoas que matava se elas tivessem um impacto duradouro. Ele era pontual e discutia com Nobunaga e Franklin sobre suas tardias.","['Força imensa', 'Velocidade e reflexos aprimorados', 'Cadeia', 'Agilidade Avançada', 'Durabilidade aprimorada', 'Hora do Imperador', 'Vigor Aprimorado', 'Resistência Aprimorada', 'Resistência Avançada a Toxinas', 'Estrategista Amador']",https://static.wikia.nocookie.net/hunterxhunter/images/1/16/UvoKissShalnark.png/revision/latest?cb=20121017012659
Pakunoda,Phantom Troupe,https://hunterxhunter.fandom.com/wiki/Pakunoda,"Em seus dias mais jovens, ela era gentil e atenciosa com seus amigos.","['Força Aprimorada', 'Velocidade Avançada', 'Agilidade aprimorada', 'Resistência Aprimorada', 'Intelecto Aguçado', 'Atirador Proficiente', 'bombas de memória', 'Especialista em Cauda', 'Especialista em CNV', 'bombas de memória']",https://static.wikia.nocookie.net/hunterxhunter/images/7/79/Chap_395_-_Young_Pakunoda.png/revision/latest?cb=20221120223137
Chimera Ant Queen,Chimera Ants,https://hunterxhunter.fandom.com/wiki/Chimera_Ant_Queen,O tamanho da rainha Chimera Ant é maior que o normal e pode ser explicado por mutação ou por possuir material genético humano. Não se sabe como ela chegou em um arquipélago habitado por humanos ou como se feriu.,"['Meruem', 'formiga quimera', 'Família real', 'Membros', 'guarda Real', 'Membros', 'Exército', 'Líderes de Esquadrão', 'Oficiais', 'Soldados (peões e escravos)']",https://static.wikia.nocookie.net/hunterxhunter/images/1/18/Chimera_Ant_Queen_eating_fish.png/revision/latest?cb=20130426022729
Meruem,Chimera Ants,https://hunterxhunter.fandom.com/wiki/Meruem,"Meruem era um líder cruel e violento, que se considerava superior a todas as outras formas de vida. Ele matava e devorava outros Chimera Ants que considerava desrespeitosos e via os humanos apenas como fonte de alimento, chegando a devorar uma criança logo após seu nascimento. Ele não tinha empatia pelos humanos e mostrava desrespeito até mesmo pela sua mãe moribunda.","['Força Insondável', 'Bodhisattva Guanyin Tipo 100', 'Velocidade e reflexos insondáveis', 'Bodhisattva Guanyin Tipo 100', 'Agilidade Insondável', 'resistência imensa', 'mão zero', 'Durabilidade insondável', 'mão zero', 'mão zero']",https://static.wikia.nocookie.net/hunterxhunter/images/7/71/91_-_Meruem%27s_cruel_nature.png/revision/latest?cb=20131008123029
Neferpitou,Chimera Ants,https://hunterxhunter.fandom.com/wiki/Neferpitou,"Neferpitou era muito leal ao Rei e se sacrificaria por ele. De todos os Três Guardas Reais, Pitou era o mais curioso e facilmente distraído, gostava de brincar e, segundo Shaiapouf, acabavam se divertindo demais. Pitou era uma Chimera Ant de gato e gostava de brincar com seus oponentes, como um gato brinca com sua presa. Apesar de seu comportamento alegre e brincalhão, Pitou também tinha uma personalidade cruel e aterrorizante. Pitou levava a sério sua obrigação de proteger o Rei e estava disposto a renunciar à chance de lutar contra oponentes fortes para cumprir sua missão.","['Visão imensa', 'Audição imensa', 'cheiro imenso', 'força imensa', 'Velocidade e reflexos imensos', 'Bodhisattva Guanyin Tipo 100', 'Agilidade imensa', 'resistência imensa', 'Durabilidade imensa', 'Bodhisattva Guanyin Tipo 100']",https://static.wikia.nocookie.net/hunterxhunter/images/8/8b/Neferpitou_hesitates.png/revision/latest?cb=20131204134759
Shaiapouf,Chimera Ants,https://hunterxhunter.fandom.com/wiki/Shaiapouf,"Shaiapouf, um dos três Guardas Reais, se apresentava como o mais calmo e racional, valorizando a lógica acima das emoções. Porém, sua devoção intensa ao Rei Chimera Ant obscurecia seu julgamento, fazendo com que ele tivesse um ideal absoluto e inflexível. Pouf também acreditava que o Rei deveria seguir esse ideal, resultando em monólogos fanáticos e ações traiçoeiras quando seu senhor parecia se desviar. Ele era visto frequentemente lendo livros e tocando violino, utilizando o instrumento para acalmar-se ou expressar emoções.","['Belzebu', 'Voo', 'Força Aprimorada', 'Mergulho do Dragão', 'velocidade imensa', 'Mergulho do Dragão', 'resistência imensa', 'Durabilidade imensa', 'Intelecto de Nível Gênio', 'mensagem espiritual']",https://static.wikia.nocookie.net/hunterxhunter/images/2/21/Pouf_plays_the_violin.png/revision/latest?cb=20131004134226
Menthuthuyoupi,Chimera Ants,https://hunterxhunter.fandom.com/wiki/Menthuthuyoupi,"Menthuthuyoupi era a Guarda Real mais simples e sem ego, sem traços genéticos humanos e totalmente dedicado ao Rei. Sua simplicidade o tornava um bom soldado, mas também o fazia ser volátil e confuso diante das excentricidades dos outros guardas.","['Hakoware', 'Hakoware', 'Força Insondável', 'Velocidade e reflexos aprimorados', 'Durabilidade imensa', 'Intelecto Aguçado', 'Vínculo empático', 'pensar', 'décimo', 'profundo...']",https://static.wikia.nocookie.net/hunterxhunter/images/b/b7/108_-_Youpi%27s_reaction_to_Pouf.png/revision/latest?cb=20150722125419
Meleoron,Chimera Ants,https://hunterxhunter.fandom.com/wiki/Meleoron,"O personagem é uma quimera que é excêntrica por não gostar de lutar ou matar. Ele fala de forma teatral e finge não estar interessado em certos assuntos, mas na verdade está muito interessado neles. Ele também é perspicaz e entende as emoções dos outros, como quando percebeu a tristeza de Killua durante a Invasão do Palácio.","['Camaleão Fisiologia', 'Velocidade Avançada', 'Resistência Avançada', 'Especialista em Furtividade', 'cúmplice de Deus', 'Plano Perfeito', 'Plano Perfeito', 'cúmplice de Deus', 'Meruem', 'real']",https://static.wikia.nocookie.net/hunterxhunter/images/3/39/Meleoron_anime.png/revision/latest?cb=20130505040422
Ikalgo,Chimera Ants,https://hunterxhunter.fandom.com/wiki/Ikalgo,"Ikalgo é um observador detalhista que costuma planejar suas estratégias antes de lutar contra um inimigo. Ele tem um forte senso de honra e prefere morrer a trair um companheiro. Ele desenvolveu um forte vínculo com os membros da Equipe de Extermínio e Killua, principalmente por causa do apoio que ele recebeu de Killua, que o fez sentir-se validado e secure. Ikalgo tem um complexo de inferioridade em relação a sua aparência, pois deseja ter sido nasido como uma lula ""legal"", ao invés de um polvo ""feio"". Ele acha tocante que alguém chame-o, um polvo, de ""legal"" e, portanto, a traição não é uma opção para ele.","['Mergulho do Dragão', 'Fisiologia do Polvo', 'Força Avançada', 'Estrategista Proficiente', 'Mestre Atirador', 'motorista habilidoso', 'Fleadom', 'Living Dead Dolls (死体と遊ぶな子供たち, Não brinque com cadáveres de crianças)', 'Super Olho', 'Super Olho']",https://static.wikia.nocookie.net/hunterxhunter/images/e/ea/Ikalgo%27s_resolve_to_never_betray.png/revision/latest?cb=20131023071431
Leol,Chimera Ants,https://hunterxhunter.fandom.com/wiki/Leol,"Pouco se sabe sobre o passado de Leol, exceto que ele se lembrava de sua vida passada como leão. Ele era um dos líderes do esquadrão da Rainha e mantinha humanos para si mesmo, mas deixou a colônia de formigas Chimera após a morte da Rainha para tentar criar seu próprio reino. Não se sabe se ele se lembrava de sua vida como humano.","['Força Aprimorada', 'Intelecto Aguçado', 'Inamura', 'Satellitonbo', 'Super Olho', 'tornado', 'Grande parede', 'Inamura', 'Inamura', 'Morel Mackernasey']",https://static.wikia.nocookie.net/hunterxhunter/images/a/a2/84_-_Leol%2C_Flutter_and_Hina_introduction.png/revision/latest?cb=20150801141259
Zazan,Chimera Ants,https://hunterxhunter.fandom.com/wiki/Zazan,Zazan aparece.,"['ferrão venenoso', 'Força Aprimorada', 'Velocidade e reflexos aprimorados', 'Durabilidade aprimorada', 'Combate corpo-a-corpo proficiente', 'Sol Nascente', 'Feitan Portor', 'formiga quimera', 'Família real', 'Membros']",https://static.wikia.nocookie.net/hunterxhunter/images/8/88/Zazan_1.png/revision/latest?cb=20140211004249
Cheadle Yorkshire,The Zodiacs,https://hunterxhunter.fandom.com/wiki/Cheadle_Yorkshire,Cheadle é o líder da facção pró-Netero na Associação de Caçadores.,"['Percepção Sobrenatural', 'Intelecto de Nível Gênio', 'ele', 'gosta', 'Leorio', 'abominável!!', 'inteiro', 'zodíacos', 'Membros', 'Ativo']",https://static.wikia.nocookie.net/hunterxhunter/images/d/d8/Zodiac_Twelve_angry.png/revision/latest?cb=20140722155515
Botobai Gigante,The Zodiacs,https://hunterxhunter.fandom.com/wiki/Botobai_Gigante,A reação dos Zodiacs à proposta de Pariston.,"['zodíacos', 'Membros', 'Ativo', 'Antigo', 'Divisões', 'Biologia', 'Defesa', 'Ciência', 'Inteligência', 'Associação de Caçadores']",https://static.wikia.nocookie.net/hunterxhunter/images/d/d8/Zodiac_Twelve_angry.png/revision/latest?cb=20140722155515
Mizaistom Nana,The Zodiacs,https://hunterxhunter.fandom.com/wiki/Mizaistom_Nana,Mizaistom está furioso com a proposta de Pariston.,"['Alta Inteligência', 'Mizaistom', 'zodíacos', 'Membros', 'Ativo', 'Antigo', 'Divisões', 'Biologia', 'Defesa', 'Ciência']",https://static.wikia.nocookie.net/hunterxhunter/images/0/01/Angry_Zodiacs_2_-137.png/revision/latest?cb=20140722095741
Gel,The Zodiacs,https://hunterxhunter.fandom.com/wiki/Gel,Gel com os outros signos do zodíaco.,"['Geru', 'Gel', 'zodíacos', 'Membros', 'Ativo', 'Antigo', 'Divisões', 'Biologia', 'Defesa', 'Ciência']",https://static.wikia.nocookie.net/hunterxhunter/images/b/ba/All_Zodiacs_present_for_the_election_meeting.png/revision/latest?cb=20140709100701
Saiyu,The Zodiacs,https://hunterxhunter.fandom.com/wiki/Saiyu,"O texto não foi fornecido. Por favor, informe o texto para que possa ser resumido.","['zodíacos', 'Membros', 'Ativo', 'Antigo', 'Divisões', 'Biologia', 'Defesa', 'Ciência', 'Inteligência', 'Associação de Caçadores']",https://static.wikia.nocookie.net/hunterxhunter/images/d/d8/Zodiac_Twelve_angry.png/revision/latest?cb=20140722155515
Kanzai,The Zodiacs,https://hunterxhunter.fandom.com/wiki/Kanzai,Chegada dos Zodiacs.,"['você é', 'zodíacos', 'Membros', 'Ativo', 'Antigo', 'Divisões', 'Biologia', 'Defesa', 'Ciência', 'Inteligência']",https://static.wikia.nocookie.net/hunterxhunter/images/d/db/The_Zodiacs.png/revision/latest?cb=20221108191519
Ginta,The Zodiacs,https://hunterxhunter.fandom.com/wiki/Ginta,Ginta está com raiva de Pariston.,"['zodíacos', 'Membros', 'Ativo', 'Antigo', 'Divisões', 'Biologia', 'Defesa', 'Ciência', 'Inteligência', 'Associação de Caçadores']",https://static.wikia.nocookie.net/hunterxhunter/images/a/a4/Angry_Zodiacs_-_137.png/revision/latest?cb=20140722095716
Saccho Kobayakawa,The Zodiacs,https://hunterxhunter.fandom.com/wiki/Saccho_Kobayakawa,O texto trata sobre os signos do zodíaco que são hostis em relação a Pariston.,"['Satcho', 'zodíacos', 'Membros', 'Ativo', 'Antigo', 'Divisões', 'Biologia', 'Defesa', 'Ciência', 'Inteligência']",https://static.wikia.nocookie.net/hunterxhunter/images/d/d8/Zodiac_Twelve_angry.png/revision/latest?cb=20140722155515
Pyon,The Zodiacs,https://hunterxhunter.fandom.com/wiki/Pyon,Pyon está furioso com Pariston.,"['que?!', 'a coisa toda,', 'fazer', 'pião', 'Pyon', 'zodíacos', 'Membros', 'Ativo', 'Antigo', 'Divisões']",https://static.wikia.nocookie.net/hunterxhunter/images/0/01/Angry_Zodiacs_2_-137.png/revision/latest?cb=20140722095741
Nasubi Hui Guo Rou,Kakin Royal Family,https://hunterxhunter.fandom.com/wiki/Nasubi_Hui_Guo_Rou,"O texto fala sobre um pai que mantém o controle emocional mesmo após a morte de sua filha Momoze. Ele demonstra amor e cuidado pelos filhos, apesar de incentivar uma luta pela sucessão do trono. Para ele, esse conflito é necessário pelo bem-estar do povo e uma obrigação do futuro rei de Kakin. Ele acredita que Momoze se tornou a base da grande árvore de Kakin e continua a viver de forma vibrante.","['Continente Sombrio!!', 'Você', 'três', 'país!', 'sempre', 'Quem', 'depois', 'Família Real Kakina', 'Rei', 'rainhas']",https://static.wikia.nocookie.net/hunterxhunter/images/0/07/Chap_340_-_Nasubi%27s_appearance.png/revision/latest?cb=20150507144624
Tserriednich Hui Guo Rou,Kakin Royal Family,https://hunterxhunter.fandom.com/wiki/Tserriednich_Hui_Guo_Rou,"Tserriednich é um homem que parece refinado e inteligente, com interesses que vão desde futebol até filosofia. No entanto, ele é na verdade um sociopata cruel que coleciona partes de corpos humanos e mata pessoas jovens e bonitas para criar ""arte inspiradora"". Ele vê seus irmãos como escória e gosta da ideia de matá-los. Um de seus guardas afirma que Tserriednich é um mal puro e descontrolado e que não deve ser autorizado a dominar o Nen (técnica do mundo fictício em que a história se passa) porque ele a usará para o mal. Tserriednich já atirou em um colega de academia por causa de uma discussão durante um treinamento militar.","['dez segundos efêmeros', 'Besta Espiritual Guardiã de Tserriednich', 'dissecação', 'arte', 'futuro', 'divertido demais!!', 'dominar', 'e o mundo!!!', 'iPS', 'iPSCs']",https://static.wikia.nocookie.net/hunterxhunter/images/3/3b/Chap_348_-_Tserriednich_excited_to_kill.png/revision/latest?cb=20210828211726
Benjamin Hui Guo Rou,Kakin Royal Family,https://hunterxhunter.fandom.com/wiki/Benjamin_Hui_Guo_Rou,"O texto fala sobre as ambições do personagem Benjamin, que deseja não apenas o trono de Kakin, mas também a unificação do mundo sob o comando de Kakin. Ele não se importa em matar seus irmãos para manter a estrutura da família real. Existe uma animosidade entre Benjamin e Tserriednich, e Benjamin está determinado a matá-lo pessoalmente. Embora Tserriednich subestime a inteligência de Benjamin, Balsamilco acredita que ele é flexível e lógico quando recebe informações adequadas.","['Força Aprimorada', 'Culdcept', 'Culdcept', 'Benjamin, Balsamilco Might e Furykov', 'Família Real Kakina', 'Rei', 'rainhas', 'príncipes', 'Ancestrais']",https://static.wikia.nocookie.net/hunterxhunter/images/c/c8/Chap_348_-_Benjamin_crushes_throat.png/revision/latest?cb=20210828202727
Halkenburg Hui Guo Rou,Kakin Royal Family,https://hunterxhunter.fandom.com/wiki/Halkenburg_Hui_Guo_Rou,Halkenburg chora pela morte de Momoze.,"['Halkenburg e seus guarda-costas', 'Família Real Kakina', 'Rei', 'rainhas', 'príncipes', 'Ancestrais']",https://static.wikia.nocookie.net/hunterxhunter/images/7/7b/Chap_375_-_Halkenburg_cries.png/revision/latest?cb=20180223130241
Woble Hui Guo Rou,Kakin Royal Family,https://hunterxhunter.fandom.com/wiki/Woble_Hui_Guo_Rou,"Woble é um bebê que ainda não possui um caráter definido e é frequentemente vista dormindo. Ela demonstrou gostar e confiar em Kurapika, chegando a segurar a mão dele em algumas ocasiões.","['Família Real Kakina', 'Rei', 'rainhas', 'príncipes', 'Ancestrais']",https://static.wikia.nocookie.net/hunterxhunter/images/4/4b/Chap_369_-_Woble_reaches.png/revision/latest?cb=20170824134252
Oito Hui Guo Rou,Kakin Royal Family,https://hunterxhunter.fandom.com/wiki/Oito_Hui_Guo_Rou,"Oito vem de uma família empobrecida com sete membros, sendo ela a terceira filha entre os cinco irmãos. Ela relata que seu irmão mais velho costumava intimidá-la quando era criança.","['EU', 'tão estranho', 'Família Real Kakina', 'Rei', 'rainhas', 'príncipes', 'Ancestrais']",https://static.wikia.nocookie.net/hunterxhunter/images/9/9b/Chap_350_-_Oito_and_Woble.png/revision/latest?cb=20210828225923
Camilla Hui Guo Rou,Kakin Royal Family,https://hunterxhunter.fandom.com/wiki/Camilla_Hui_Guo_Rou,"Camila aparenta ter maneirismos elegantes e encantadores, mas assim como seu irmão mais velho, não tem problemas em eliminar seus irmãos de forma sadista. Ela prefere fazer isso de maneira fácil e sem coração, como ordenando que sua própria mãe assassine seu irmão mais novo. Segundo Shimano, Camila só ouve o Rei.","['Resistência Aprimorada', 'Atirador Proficiente', 'Camila', 'Benjamin Hui Guo Rou, Balsamilco Might e Furykov', 'não', 'voluntário', 'ordem!', 'ele...!', 'Família Real Kakina', 'Rei']",https://static.wikia.nocookie.net/hunterxhunter/images/7/75/Chap_373_-_Furykov_threatened_by_Camilla.png/revision/latest?cb=20221224202122
Kacho Hui Guo Rou,Kakin Royal Family,https://hunterxhunter.fandom.com/wiki/Kacho_Hui_Guo_Rou,"Kacho é uma personagem assustadora que tem uma personalidade superficial, mimada e detestável. Ela escolhe seus guarda-costas pela aparência, mas escolhe os feios. Ela é mostrada como sendo uma pessoa sem coração, que pretende formar uma aliança com Fugetsu para matar seus outros irmãos durante a Guerra de Sucessão. Ela promete a Fugetsu que, quando se tornar a nova governante, pedirá ao pai que poupe sua vida.","['Sem você', 'Sem você', 'Família Real Kakina', 'Rei', 'rainhas', 'príncipes', 'Ancestrais']",https://static.wikia.nocookie.net/hunterxhunter/images/4/4c/Chap_359_-_Kacho%27s_personality.png/revision/latest?cb=20161017075523
Tyson Hui Guo Rou,Kakin Royal Family,https://hunterxhunter.fandom.com/wiki/Tyson_Hui_Guo_Rou,"Tyson contrata Izunavi como seu guarda-costas pessoal durante a viagem para o Continente Negro. Ela participa da cerimônia na véspera do início da expedição e embarca no navio, pensando que poderia vencer a Guerra de Sucessão, enquanto ri consigo mesma. Em seguida, ela participa do evento formal com sua família e outros convidados importantes. Como o restante de sua família, ela reside no 1º deck do navio.","['Taithon', 'Família Real Kakina', 'Rei', 'rainhas', 'príncipes', 'Ancestrais']",https://static.wikia.nocookie.net/hunterxhunter/images/1/15/Chap_366_-_Tyson.png/revision/latest?cb=20170907125851
Neon Nostrade,Other Characters,https://hunterxhunter.fandom.com/wiki/Neon_Nostrade,"Neon é uma jovem mimada e egocêntrica que joga birra sempre que não consegue o que quer. Ela é mostrada como infantil e sem empatia pelos outros. No entanto, ela é capaz de demonstrar emoção quando se preocupa com Eliza, oferecendo a voltar para casa em vez de ficar em Yorknew. Sua falta de empatia e egoísmo são resultado da sua inocência infantil e falta de compreensão emocional, apesar de ter dezessete anos. Neon gosta de colecionar partes do corpo humano, razão pela qual a Família Nostrade viajou para Yorknew.","['Adorável Escritor Fantasma', 'Família Nostrade', 'Membros', 'guarda-costas', 'Líder', 'Ativo', 'Antigo', 'Funcionários', 'Membros']",https://static.wikia.nocookie.net/hunterxhunter/images/6/6e/42_-_Neon_tantrum.png/revision/latest?cb=20180930120929
Razor,Other Characters,https://hunterxhunter.fandom.com/wiki/Razor,Razor conversando com Ging.,"['Percepção Sobrenatural', 'força imensa', 'Pedra', 'Pedra', 'Velocidade e reflexos aprimorados', 'Intelecto Aguçado', 'Mestre Arremessador', 'Jogador de queimada magistral', 'Jogador de voleibol magistral', 'Pedra']",https://static.wikia.nocookie.net/hunterxhunter/images/2/2a/Ging_%26_Razor_In_The_Past.png/revision/latest?cb=20210414205909
Genthru,Other Characters,https://hunterxhunter.fandom.com/wiki/Genthru,Genthru é um personagem que gosta de matar e não tem compaixão pelas pessoas. Ele só se importa com seus companheiros Sub e Bara. Ele se voluntaria para rolar o dado arriscado e concorda em dar um cartão de cura em troca de outro para curar seu companheiro.,"['Força Aprimorada', 'Velocidade e reflexos aprimorados', 'Alta Inteligência', 'Combate corpo-a-corpo proficiente', 'Florzinha', 'Florzinha', 'Florzinha', 'Contagem regressiva', 'Florzinha', 'Florzinha']",https://static.wikia.nocookie.net/hunterxhunter/images/5/54/Nickes_Introducing_Gon_%26_Killua.png/revision/latest?cb=20130211191534
Komugi,Other Characters,https://hunterxhunter.fandom.com/wiki/Komugi,"O texto fala de Komugi, uma jogadora de Gungi que nasceu em uma família grande no país fictício Republic of East Gorteau. Ela ajudava a sustentar sua família jogando Gungi, e decidiu se tornar uma jogadora profissional, ameaçando se matar se perdesse. Ela criou um movimento muito popular chamado ""Kokoriko"", mas depois o anulou quando foi usado contra ela em um torneio. Isso fez com que o movimento desaparecesse dos livros e dos jogos gravados.","['Komugi', 'feliz']",https://static.wikia.nocookie.net/hunterxhunter/images/b/bc/103_-_Komugi_collapses.png/revision/latest?cb=20131106034834
Gyro,Other Characters,https://hunterxhunter.fandom.com/wiki/Gyro,"O texto fala sobre Gyro, que cresceu em um acampamento de construção e aprendeu a misturar concreto e colocar tijolos muito jovem. Seu pai, que era muito quieto e bêbado, impunha regras rigorosas e o punia facilmente. Gyro era forçado a ficar em sua cama no topo beliche e negado contato com o mundo exterior depois das 21h. Apesar do abuso constante, Gyro respeitava e admirava seu pai e acreditava que ele o amava. Isso se deve a duas razões: a primeira foi que seu pai cuidou dele depois que ele quase morreu de doença aos cinco anos, e a segunda foi que ele nunca o deixou.","['formiga quimera', 'Família real', 'Membros', 'guarda Real', 'Membros', 'Exército', 'Líderes de Esquadrão', 'Oficiais', 'Soldados (peões e escravos)', 'Classificação Desconhecida']",https://static.wikia.nocookie.net/hunterxhunter/images/d/d7/Gyro_beaten.png/revision/latest?cb=20130519132332
Beyond Netero,Other Characters,https://hunterxhunter.fandom.com/wiki/Beyond_Netero,Beyond está firmemente focado na exploração do Continente Negro e está disposto a enfrentar qualquer desafio para chegar lá. Ele também admite não saber sobre nenhum espião entre os Zodiacs.,"['Equipe de Expedição ao Continente Negro', 'Membros', 'Líder', 'Ativo', 'Antigo', 'Associados', 'Membros']",https://static.wikia.nocookie.net/hunterxhunter/images/9/98/Beyonds_expedition_team.png/revision/latest?cb=20171006032933
Pariston Hill,Other Characters,https://hunterxhunter.fandom.com/wiki/Pariston_Hill,"Pariston é um personagem imprevisível e similar a Netero e Ging Freecss. Ele gosta de se divertir e não se importa em ganhar ou perder. Sua personalidade alegre e sorrisos tornam difícil prever suas intenções. Ele gosta de destruir o que ama e tem uma rivalidade com Ging, que é atualmente a pessoa que ele mais odeia. Pariston gosta de punir aqueles que o prejudicam.","['Percepção Sobrenatural', 'Velocidade Aprimorada', 'Intelecto de Nível Gênio', 'Ging Freecs', 'eu mesmo', 'real.', 'nunca', 'deve', 'Equipe de Expedição ao Continente Negro', 'Membros']",https://static.wikia.nocookie.net/hunterxhunter/images/7/70/Pariston_-_139.png/revision/latest?cb=20140723162009
Theta,Other Characters,https://hunterxhunter.fandom.com/wiki/Theta,"Theta é uma pessoa sagaz e confiante em sua inteligência. Ela faz análises prudentes de cada opção em sua missão, ajudando sua equipe a evitar danos desnecessários. Durante seu trabalho, Theta mantém uma postura calma e profissional, mas também pode ser humorística e sarcástica com seus colegas. Mesmo servindo a Tserriednich e conhecendo seus traços mais nefastos, Theta não os aprova e planeja ensinar Nen a ele para conter seu potencial para o mal e, finalmente, matá-lo, mesmo que isso signifique sacrificar sua própria vida.","['sempre...', 'Empregados Kakin', 'exércitos privados', 'Benjamin', 'Camila', 'Zhang Lei', 'Tserriednich', 'Tubeppa', 'Luzurus', 'Halkenburg']",https://static.wikia.nocookie.net/hunterxhunter/images/3/3e/Salkov_%26_Theta.png/revision/latest?cb=20221113002242
Bill,Other Characters,https://hunterxhunter.fandom.com/wiki/Bill,"Bill passou no Exame de Caçador e se tornou membro da Equipe de Expedição de Beyond. Ele e seus colegas, Sayird e Kurton, foram selecionados para proteger o Príncipe Woble a bordo do Black Whale, com a expectativa de não participarem de grandes batalhas. Eles se inscreveram no site oficial do Império Kakin para a expedição, mas nunca encontraram a Rainha Oito Hui Guo Rou para serem informados sobre a guerra de sucessão.","['Erigeron', 'Bill e Kurapika', 'que', 'O poder corrompe.', 'Associação de Caçadores', 'Comitê', 'Presidente', 'Vice presidente', 'zodíacos', 'Examinadores']",https://static.wikia.nocookie.net/hunterxhunter/images/4/49/Nen_Beasts.png/revision/latest?cb=20210828202139
